Top pages,Clicks,Impressions,CTR,Position
http://www.therapeuticcuts.com/,257,4257,6.04%,8.73
https://www.therapeuticcuts.com/,137,3781,3.62%,16.3
https://www.therapeuticcuts.com/scalp-micropigmentation,4,9233,0.04%,32.92
https://www.therapeuticcuts.com/services,4,2251,0.18%,4.65
https://www.therapeuticcuts.com/about,4,2239,0.18%,5.52
https://therapeuticcuts.com/,4,186,2.15%,32.76
https://www.therapeuticcuts.com/contact,2,1863,0.11%,7.13
https://therapeuticcuts.com/smp,0,23,0%,15.61
https://therapeuticcuts.com/about,0,9,0%,4.78
https://therapeuticcuts.com/contact,0,9,0%,4.78
https://therapeuticcuts.com/services,0,9,0%,4.78
